{
  "report": {
    "FALSE POSITIVE": {
      "precision": 0.9904534606205251,
      "recall": 0.8924731182795699,
      "f1-score": 0.9389140271493213,
      "support": 465.0
    },
    "CANDIDATE": {
      "precision": 0.8895027624309392,
      "recall": 0.9333333333333333,
      "f1-score": 0.9108910891089109,
      "support": 345.0
    },
    "CONFIRMED": {
      "precision": 0.9602824360105914,
      "recall": 0.9855072463768116,
      "f1-score": 0.9727313366115333,
      "support": 1104.0
    },
    "accuracy": 0.9535005224660397,
    "macro avg": {
      "precision": 0.946746219687352,
      "recall": 0.9371045659965715,
      "f1-score": 0.9408454842899219,
      "support": 1914.0
    },
    "weighted avg": {
      "precision": 0.9548542954978636,
      "recall": 0.9535005224660397,
      "f1-score": 0.9533687795120906,
      "support": 1914.0
    }
  },
  "confusion_matrix": [
    [
      415,
      24,
      26
    ],
    [
      4,
      322,
      19
    ],
    [
      0,
      16,
      1088
    ]
  ]
}